conv_layer_1;conv_layer_2;dense_layer_1;dense_layer_2;drop_out_1;drop_out_2;id_simu
16;16;16;16;0.2;0.2;0
16;16;16;16;0.2;0.3;1
16;16;16;16;0.2;0.4;2
16;16;16;16;0.2;0.5;3
16;16;16;16;0.3;0.2;4
16;16;16;16;0.3;0.3;5
16;16;16;16;0.3;0.4;6
16;16;16;16;0.3;0.5;7
16;16;16;16;0.4;0.2;8
16;16;16;16;0.4;0.3;9
16;16;16;16;0.4;0.4;10
16;16;16;16;0.4;0.5;11
16;16;16;16;0.5;0.2;12
16;16;16;16;0.5;0.3;13
16;16;16;16;0.5;0.4;14
16;16;16;16;0.5;0.5;15
16;16;16;32;0.2;0.2;16
16;16;16;32;0.2;0.3;17
16;16;16;32;0.2;0.4;18
16;16;16;32;0.2;0.5;19
16;16;16;32;0.3;0.2;20
16;16;16;32;0.3;0.3;21
16;16;16;32;0.3;0.4;22
16;16;16;32;0.3;0.5;23
16;16;16;32;0.4;0.2;24
16;16;16;32;0.4;0.3;25
16;16;16;32;0.4;0.4;26
16;16;16;32;0.4;0.5;27
16;16;16;32;0.5;0.2;28
16;16;16;32;0.5;0.3;29
16;16;16;32;0.5;0.4;30
16;16;16;32;0.5;0.5;31
16;16;16;64;0.2;0.2;32
16;16;16;64;0.2;0.3;33
16;16;16;64;0.2;0.4;34
16;16;16;64;0.2;0.5;35
16;16;16;64;0.3;0.2;36
16;16;16;64;0.3;0.3;37
16;16;16;64;0.3;0.4;38
16;16;16;64;0.3;0.5;39
16;16;16;64;0.4;0.2;40
16;16;16;64;0.4;0.3;41
16;16;16;64;0.4;0.4;42
16;16;16;64;0.4;0.5;43
16;16;16;64;0.5;0.2;44
16;16;16;64;0.5;0.3;45
16;16;16;64;0.5;0.4;46
16;16;16;64;0.5;0.5;47
16;16;32;16;0.2;0.2;48
16;16;32;16;0.2;0.3;49
16;16;32;16;0.2;0.4;50
16;16;32;16;0.2;0.5;51
16;16;32;16;0.3;0.2;52
16;16;32;16;0.3;0.3;53
16;16;32;16;0.3;0.4;54
16;16;32;16;0.3;0.5;55
16;16;32;16;0.4;0.2;56
16;16;32;16;0.4;0.3;57
16;16;32;16;0.4;0.4;58
16;16;32;16;0.4;0.5;59
16;16;32;16;0.5;0.2;60
16;16;32;16;0.5;0.3;61
16;16;32;16;0.5;0.4;62
16;16;32;16;0.5;0.5;63
16;16;32;32;0.2;0.2;64
16;16;32;32;0.2;0.3;65
16;16;32;32;0.2;0.4;66
16;16;32;32;0.2;0.5;67
16;16;32;32;0.3;0.2;68
16;16;32;32;0.3;0.3;69
16;16;32;32;0.3;0.4;70
16;16;32;32;0.3;0.5;71
16;16;32;32;0.4;0.2;72
16;16;32;32;0.4;0.3;73
16;16;32;32;0.4;0.4;74
16;16;32;32;0.4;0.5;75
16;16;32;32;0.5;0.2;76
16;16;32;32;0.5;0.3;77
16;16;32;32;0.5;0.4;78
16;16;32;32;0.5;0.5;79
16;16;32;64;0.2;0.2;80
16;16;32;64;0.2;0.3;81
16;16;32;64;0.2;0.4;82
16;16;32;64;0.2;0.5;83
16;16;32;64;0.3;0.2;84
16;16;32;64;0.3;0.3;85
16;16;32;64;0.3;0.4;86
16;16;32;64;0.3;0.5;87
16;16;32;64;0.4;0.2;88
16;16;32;64;0.4;0.3;89
16;16;32;64;0.4;0.4;90
16;16;32;64;0.4;0.5;91
16;16;32;64;0.5;0.2;92
16;16;32;64;0.5;0.3;93
16;16;32;64;0.5;0.4;94
16;16;32;64;0.5;0.5;95
16;16;64;16;0.2;0.2;96
16;16;64;16;0.2;0.3;97
16;16;64;16;0.2;0.4;98
16;16;64;16;0.2;0.5;99
16;16;64;16;0.3;0.2;100
16;16;64;16;0.3;0.3;101
16;16;64;16;0.3;0.4;102
16;16;64;16;0.3;0.5;103
16;16;64;16;0.4;0.2;104
16;16;64;16;0.4;0.3;105
16;16;64;16;0.4;0.4;106
16;16;64;16;0.4;0.5;107
16;16;64;16;0.5;0.2;108
16;16;64;16;0.5;0.3;109
16;16;64;16;0.5;0.4;110
16;16;64;16;0.5;0.5;111
16;16;64;32;0.2;0.2;112
16;16;64;32;0.2;0.3;113
16;16;64;32;0.2;0.4;114
16;16;64;32;0.2;0.5;115
16;16;64;32;0.3;0.2;116
16;16;64;32;0.3;0.3;117
16;16;64;32;0.3;0.4;118
16;16;64;32;0.3;0.5;119
16;16;64;32;0.4;0.2;120
16;16;64;32;0.4;0.3;121
16;16;64;32;0.4;0.4;122
16;16;64;32;0.4;0.5;123
16;16;64;32;0.5;0.2;124
16;16;64;32;0.5;0.3;125
16;16;64;32;0.5;0.4;126
16;16;64;32;0.5;0.5;127
16;16;64;64;0.2;0.2;128
16;16;64;64;0.2;0.3;129
16;16;64;64;0.2;0.4;130
16;16;64;64;0.2;0.5;131
16;16;64;64;0.3;0.2;132
16;16;64;64;0.3;0.3;133
16;16;64;64;0.3;0.4;134
16;16;64;64;0.3;0.5;135
16;16;64;64;0.4;0.2;136
16;16;64;64;0.4;0.3;137
16;16;64;64;0.4;0.4;138
16;16;64;64;0.4;0.5;139
16;16;64;64;0.5;0.2;140
16;16;64;64;0.5;0.3;141
16;16;64;64;0.5;0.4;142
16;16;64;64;0.5;0.5;143
16;32;16;16;0.2;0.2;144
16;32;16;16;0.2;0.3;145
16;32;16;16;0.2;0.4;146
16;32;16;16;0.2;0.5;147
16;32;16;16;0.3;0.2;148
16;32;16;16;0.3;0.3;149
16;32;16;16;0.3;0.4;150
16;32;16;16;0.3;0.5;151
16;32;16;16;0.4;0.2;152
16;32;16;16;0.4;0.3;153
16;32;16;16;0.4;0.4;154
16;32;16;16;0.4;0.5;155
16;32;16;16;0.5;0.2;156
16;32;16;16;0.5;0.3;157
16;32;16;16;0.5;0.4;158
16;32;16;16;0.5;0.5;159
16;32;16;32;0.2;0.2;160
16;32;16;32;0.2;0.3;161
16;32;16;32;0.2;0.4;162
16;32;16;32;0.2;0.5;163
16;32;16;32;0.3;0.2;164
16;32;16;32;0.3;0.3;165
16;32;16;32;0.3;0.4;166
16;32;16;32;0.3;0.5;167
16;32;16;32;0.4;0.2;168
16;32;16;32;0.4;0.3;169
16;32;16;32;0.4;0.4;170
16;32;16;32;0.4;0.5;171
16;32;16;32;0.5;0.2;172
16;32;16;32;0.5;0.3;173
16;32;16;32;0.5;0.4;174
16;32;16;32;0.5;0.5;175
16;32;16;64;0.2;0.2;176
16;32;16;64;0.2;0.3;177
16;32;16;64;0.2;0.4;178
16;32;16;64;0.2;0.5;179
16;32;16;64;0.3;0.2;180
16;32;16;64;0.3;0.3;181
16;32;16;64;0.3;0.4;182
16;32;16;64;0.3;0.5;183
16;32;16;64;0.4;0.2;184
16;32;16;64;0.4;0.3;185
16;32;16;64;0.4;0.4;186
16;32;16;64;0.4;0.5;187
16;32;16;64;0.5;0.2;188
16;32;16;64;0.5;0.3;189
16;32;16;64;0.5;0.4;190
16;32;16;64;0.5;0.5;191
16;32;32;16;0.2;0.2;192
16;32;32;16;0.2;0.3;193
16;32;32;16;0.2;0.4;194
16;32;32;16;0.2;0.5;195
16;32;32;16;0.3;0.2;196
16;32;32;16;0.3;0.3;197
16;32;32;16;0.3;0.4;198
16;32;32;16;0.3;0.5;199
16;32;32;16;0.4;0.2;200
16;32;32;16;0.4;0.3;201
16;32;32;16;0.4;0.4;202
16;32;32;16;0.4;0.5;203
16;32;32;16;0.5;0.2;204
16;32;32;16;0.5;0.3;205
16;32;32;16;0.5;0.4;206
16;32;32;16;0.5;0.5;207
16;32;32;32;0.2;0.2;208
16;32;32;32;0.2;0.3;209
16;32;32;32;0.2;0.4;210
16;32;32;32;0.2;0.5;211
16;32;32;32;0.3;0.2;212
16;32;32;32;0.3;0.3;213
16;32;32;32;0.3;0.4;214
16;32;32;32;0.3;0.5;215
16;32;32;32;0.4;0.2;216
16;32;32;32;0.4;0.3;217
16;32;32;32;0.4;0.4;218
16;32;32;32;0.4;0.5;219
16;32;32;32;0.5;0.2;220
16;32;32;32;0.5;0.3;221
16;32;32;32;0.5;0.4;222
16;32;32;32;0.5;0.5;223
16;32;32;64;0.2;0.2;224
16;32;32;64;0.2;0.3;225
16;32;32;64;0.2;0.4;226
16;32;32;64;0.2;0.5;227
16;32;32;64;0.3;0.2;228
16;32;32;64;0.3;0.3;229
16;32;32;64;0.3;0.4;230
16;32;32;64;0.3;0.5;231
16;32;32;64;0.4;0.2;232
16;32;32;64;0.4;0.3;233
16;32;32;64;0.4;0.4;234
16;32;32;64;0.4;0.5;235
16;32;32;64;0.5;0.2;236
16;32;32;64;0.5;0.3;237
16;32;32;64;0.5;0.4;238
16;32;32;64;0.5;0.5;239
16;32;64;16;0.2;0.2;240
16;32;64;16;0.2;0.3;241
16;32;64;16;0.2;0.4;242
16;32;64;16;0.2;0.5;243
16;32;64;16;0.3;0.2;244
16;32;64;16;0.3;0.3;245
16;32;64;16;0.3;0.4;246
16;32;64;16;0.3;0.5;247
16;32;64;16;0.4;0.2;248
16;32;64;16;0.4;0.3;249
16;32;64;16;0.4;0.4;250
16;32;64;16;0.4;0.5;251
16;32;64;16;0.5;0.2;252
16;32;64;16;0.5;0.3;253
16;32;64;16;0.5;0.4;254
16;32;64;16;0.5;0.5;255
16;32;64;32;0.2;0.2;256
16;32;64;32;0.2;0.3;257
16;32;64;32;0.2;0.4;258
16;32;64;32;0.2;0.5;259
16;32;64;32;0.3;0.2;260
16;32;64;32;0.3;0.3;261
16;32;64;32;0.3;0.4;262
16;32;64;32;0.3;0.5;263
16;32;64;32;0.4;0.2;264
16;32;64;32;0.4;0.3;265
16;32;64;32;0.4;0.4;266
16;32;64;32;0.4;0.5;267
16;32;64;32;0.5;0.2;268
16;32;64;32;0.5;0.3;269
16;32;64;32;0.5;0.4;270
16;32;64;32;0.5;0.5;271
16;32;64;64;0.2;0.2;272
16;32;64;64;0.2;0.3;273
16;32;64;64;0.2;0.4;274
16;32;64;64;0.2;0.5;275
16;32;64;64;0.3;0.2;276
16;32;64;64;0.3;0.3;277
16;32;64;64;0.3;0.4;278
16;32;64;64;0.3;0.5;279
16;32;64;64;0.4;0.2;280
16;32;64;64;0.4;0.3;281
16;32;64;64;0.4;0.4;282
16;32;64;64;0.4;0.5;283
16;32;64;64;0.5;0.2;284
16;32;64;64;0.5;0.3;285
16;32;64;64;0.5;0.4;286
16;32;64;64;0.5;0.5;287
16;64;16;16;0.2;0.2;288
16;64;16;16;0.2;0.3;289
16;64;16;16;0.2;0.4;290
16;64;16;16;0.2;0.5;291
16;64;16;16;0.3;0.2;292
16;64;16;16;0.3;0.3;293
16;64;16;16;0.3;0.4;294
16;64;16;16;0.3;0.5;295
16;64;16;16;0.4;0.2;296
16;64;16;16;0.4;0.3;297
16;64;16;16;0.4;0.4;298
16;64;16;16;0.4;0.5;299
16;64;16;16;0.5;0.2;300
16;64;16;16;0.5;0.3;301
16;64;16;16;0.5;0.4;302
16;64;16;16;0.5;0.5;303
16;64;16;32;0.2;0.2;304
16;64;16;32;0.2;0.3;305
16;64;16;32;0.2;0.4;306
16;64;16;32;0.2;0.5;307
16;64;16;32;0.3;0.2;308
16;64;16;32;0.3;0.3;309
16;64;16;32;0.3;0.4;310
16;64;16;32;0.3;0.5;311
16;64;16;32;0.4;0.2;312
16;64;16;32;0.4;0.3;313
16;64;16;32;0.4;0.4;314
16;64;16;32;0.4;0.5;315
16;64;16;32;0.5;0.2;316
16;64;16;32;0.5;0.3;317
16;64;16;32;0.5;0.4;318
16;64;16;32;0.5;0.5;319
16;64;16;64;0.2;0.2;320
16;64;16;64;0.2;0.3;321
16;64;16;64;0.2;0.4;322
16;64;16;64;0.2;0.5;323
16;64;16;64;0.3;0.2;324
16;64;16;64;0.3;0.3;325
16;64;16;64;0.3;0.4;326
16;64;16;64;0.3;0.5;327
16;64;16;64;0.4;0.2;328
16;64;16;64;0.4;0.3;329
16;64;16;64;0.4;0.4;330
16;64;16;64;0.4;0.5;331
16;64;16;64;0.5;0.2;332
16;64;16;64;0.5;0.3;333
16;64;16;64;0.5;0.4;334
16;64;16;64;0.5;0.5;335
16;64;32;16;0.2;0.2;336
16;64;32;16;0.2;0.3;337
16;64;32;16;0.2;0.4;338
16;64;32;16;0.2;0.5;339
16;64;32;16;0.3;0.2;340
16;64;32;16;0.3;0.3;341
16;64;32;16;0.3;0.4;342
16;64;32;16;0.3;0.5;343
16;64;32;16;0.4;0.2;344
16;64;32;16;0.4;0.3;345
16;64;32;16;0.4;0.4;346
16;64;32;16;0.4;0.5;347
16;64;32;16;0.5;0.2;348
16;64;32;16;0.5;0.3;349
16;64;32;16;0.5;0.4;350
16;64;32;16;0.5;0.5;351
16;64;32;32;0.2;0.2;352
16;64;32;32;0.2;0.3;353
16;64;32;32;0.2;0.4;354
16;64;32;32;0.2;0.5;355
16;64;32;32;0.3;0.2;356
16;64;32;32;0.3;0.3;357
16;64;32;32;0.3;0.4;358
16;64;32;32;0.3;0.5;359
16;64;32;32;0.4;0.2;360
16;64;32;32;0.4;0.3;361
16;64;32;32;0.4;0.4;362
16;64;32;32;0.4;0.5;363
16;64;32;32;0.5;0.2;364
16;64;32;32;0.5;0.3;365
16;64;32;32;0.5;0.4;366
16;64;32;32;0.5;0.5;367
16;64;32;64;0.2;0.2;368
16;64;32;64;0.2;0.3;369
16;64;32;64;0.2;0.4;370
16;64;32;64;0.2;0.5;371
16;64;32;64;0.3;0.2;372
16;64;32;64;0.3;0.3;373
16;64;32;64;0.3;0.4;374
16;64;32;64;0.3;0.5;375
16;64;32;64;0.4;0.2;376
16;64;32;64;0.4;0.3;377
16;64;32;64;0.4;0.4;378
16;64;32;64;0.4;0.5;379
16;64;32;64;0.5;0.2;380
16;64;32;64;0.5;0.3;381
16;64;32;64;0.5;0.4;382
16;64;32;64;0.5;0.5;383
16;64;64;16;0.2;0.2;384
16;64;64;16;0.2;0.3;385
16;64;64;16;0.2;0.4;386
16;64;64;16;0.2;0.5;387
16;64;64;16;0.3;0.2;388
16;64;64;16;0.3;0.3;389
16;64;64;16;0.3;0.4;390
16;64;64;16;0.3;0.5;391
16;64;64;16;0.4;0.2;392
16;64;64;16;0.4;0.3;393
16;64;64;16;0.4;0.4;394
16;64;64;16;0.4;0.5;395
16;64;64;16;0.5;0.2;396
16;64;64;16;0.5;0.3;397
16;64;64;16;0.5;0.4;398
16;64;64;16;0.5;0.5;399
16;64;64;32;0.2;0.2;400
16;64;64;32;0.2;0.3;401
16;64;64;32;0.2;0.4;402
16;64;64;32;0.2;0.5;403
16;64;64;32;0.3;0.2;404
16;64;64;32;0.3;0.3;405
16;64;64;32;0.3;0.4;406
16;64;64;32;0.3;0.5;407
16;64;64;32;0.4;0.2;408
16;64;64;32;0.4;0.3;409
16;64;64;32;0.4;0.4;410
16;64;64;32;0.4;0.5;411
16;64;64;32;0.5;0.2;412
16;64;64;32;0.5;0.3;413
16;64;64;32;0.5;0.4;414
16;64;64;32;0.5;0.5;415
16;64;64;64;0.2;0.2;416
16;64;64;64;0.2;0.3;417
16;64;64;64;0.2;0.4;418
16;64;64;64;0.2;0.5;419
16;64;64;64;0.3;0.2;420
16;64;64;64;0.3;0.3;421
16;64;64;64;0.3;0.4;422
16;64;64;64;0.3;0.5;423
16;64;64;64;0.4;0.2;424
16;64;64;64;0.4;0.3;425
16;64;64;64;0.4;0.4;426
16;64;64;64;0.4;0.5;427
16;64;64;64;0.5;0.2;428
16;64;64;64;0.5;0.3;429
16;64;64;64;0.5;0.4;430
16;64;64;64;0.5;0.5;431
32;16;16;16;0.2;0.2;432
32;16;16;16;0.2;0.3;433
32;16;16;16;0.2;0.4;434
32;16;16;16;0.2;0.5;435
32;16;16;16;0.3;0.2;436
32;16;16;16;0.3;0.3;437
32;16;16;16;0.3;0.4;438
32;16;16;16;0.3;0.5;439
32;16;16;16;0.4;0.2;440
32;16;16;16;0.4;0.3;441
32;16;16;16;0.4;0.4;442
32;16;16;16;0.4;0.5;443
32;16;16;16;0.5;0.2;444
32;16;16;16;0.5;0.3;445
32;16;16;16;0.5;0.4;446
32;16;16;16;0.5;0.5;447
32;16;16;32;0.2;0.2;448
32;16;16;32;0.2;0.3;449
32;16;16;32;0.2;0.4;450
32;16;16;32;0.2;0.5;451
32;16;16;32;0.3;0.2;452
32;16;16;32;0.3;0.3;453
32;16;16;32;0.3;0.4;454
32;16;16;32;0.3;0.5;455
32;16;16;32;0.4;0.2;456
32;16;16;32;0.4;0.3;457
32;16;16;32;0.4;0.4;458
32;16;16;32;0.4;0.5;459
32;16;16;32;0.5;0.2;460
32;16;16;32;0.5;0.3;461
32;16;16;32;0.5;0.4;462
32;16;16;32;0.5;0.5;463
32;16;16;64;0.2;0.2;464
32;16;16;64;0.2;0.3;465
32;16;16;64;0.2;0.4;466
32;16;16;64;0.2;0.5;467
32;16;16;64;0.3;0.2;468
32;16;16;64;0.3;0.3;469
32;16;16;64;0.3;0.4;470
32;16;16;64;0.3;0.5;471
32;16;16;64;0.4;0.2;472
32;16;16;64;0.4;0.3;473
32;16;16;64;0.4;0.4;474
32;16;16;64;0.4;0.5;475
32;16;16;64;0.5;0.2;476
32;16;16;64;0.5;0.3;477
32;16;16;64;0.5;0.4;478
32;16;16;64;0.5;0.5;479
32;16;32;16;0.2;0.2;480
32;16;32;16;0.2;0.3;481
32;16;32;16;0.2;0.4;482
32;16;32;16;0.2;0.5;483
32;16;32;16;0.3;0.2;484
32;16;32;16;0.3;0.3;485
32;16;32;16;0.3;0.4;486
32;16;32;16;0.3;0.5;487
32;16;32;16;0.4;0.2;488
32;16;32;16;0.4;0.3;489
32;16;32;16;0.4;0.4;490
32;16;32;16;0.4;0.5;491
32;16;32;16;0.5;0.2;492
32;16;32;16;0.5;0.3;493
32;16;32;16;0.5;0.4;494
32;16;32;16;0.5;0.5;495
32;16;32;32;0.2;0.2;496
32;16;32;32;0.2;0.3;497
32;16;32;32;0.2;0.4;498
32;16;32;32;0.2;0.5;499
32;16;32;32;0.3;0.2;500
32;16;32;32;0.3;0.3;501
32;16;32;32;0.3;0.4;502
32;16;32;32;0.3;0.5;503
32;16;32;32;0.4;0.2;504
32;16;32;32;0.4;0.3;505
32;16;32;32;0.4;0.4;506
32;16;32;32;0.4;0.5;507
32;16;32;32;0.5;0.2;508
32;16;32;32;0.5;0.3;509
32;16;32;32;0.5;0.4;510
32;16;32;32;0.5;0.5;511
32;16;32;64;0.2;0.2;512
32;16;32;64;0.2;0.3;513
32;16;32;64;0.2;0.4;514
32;16;32;64;0.2;0.5;515
32;16;32;64;0.3;0.2;516
32;16;32;64;0.3;0.3;517
32;16;32;64;0.3;0.4;518
32;16;32;64;0.3;0.5;519
32;16;32;64;0.4;0.2;520
32;16;32;64;0.4;0.3;521
32;16;32;64;0.4;0.4;522
32;16;32;64;0.4;0.5;523
32;16;32;64;0.5;0.2;524
32;16;32;64;0.5;0.3;525
32;16;32;64;0.5;0.4;526
32;16;32;64;0.5;0.5;527
32;16;64;16;0.2;0.2;528
32;16;64;16;0.2;0.3;529
32;16;64;16;0.2;0.4;530
32;16;64;16;0.2;0.5;531
32;16;64;16;0.3;0.2;532
32;16;64;16;0.3;0.3;533
32;16;64;16;0.3;0.4;534
32;16;64;16;0.3;0.5;535
32;16;64;16;0.4;0.2;536
32;16;64;16;0.4;0.3;537
32;16;64;16;0.4;0.4;538
32;16;64;16;0.4;0.5;539
32;16;64;16;0.5;0.2;540
32;16;64;16;0.5;0.3;541
32;16;64;16;0.5;0.4;542
32;16;64;16;0.5;0.5;543
32;16;64;32;0.2;0.2;544
32;16;64;32;0.2;0.3;545
32;16;64;32;0.2;0.4;546
32;16;64;32;0.2;0.5;547
32;16;64;32;0.3;0.2;548
32;16;64;32;0.3;0.3;549
32;16;64;32;0.3;0.4;550
32;16;64;32;0.3;0.5;551
32;16;64;32;0.4;0.2;552
32;16;64;32;0.4;0.3;553
32;16;64;32;0.4;0.4;554
32;16;64;32;0.4;0.5;555
32;16;64;32;0.5;0.2;556
32;16;64;32;0.5;0.3;557
32;16;64;32;0.5;0.4;558
32;16;64;32;0.5;0.5;559
32;16;64;64;0.2;0.2;560
32;16;64;64;0.2;0.3;561
32;16;64;64;0.2;0.4;562
32;16;64;64;0.2;0.5;563
32;16;64;64;0.3;0.2;564
32;16;64;64;0.3;0.3;565
32;16;64;64;0.3;0.4;566
32;16;64;64;0.3;0.5;567
32;16;64;64;0.4;0.2;568
32;16;64;64;0.4;0.3;569
32;16;64;64;0.4;0.4;570
32;16;64;64;0.4;0.5;571
32;16;64;64;0.5;0.2;572
32;16;64;64;0.5;0.3;573
32;16;64;64;0.5;0.4;574
32;16;64;64;0.5;0.5;575
32;32;16;16;0.2;0.2;576
32;32;16;16;0.2;0.3;577
32;32;16;16;0.2;0.4;578
32;32;16;16;0.2;0.5;579
32;32;16;16;0.3;0.2;580
32;32;16;16;0.3;0.3;581
32;32;16;16;0.3;0.4;582
32;32;16;16;0.3;0.5;583
32;32;16;16;0.4;0.2;584
32;32;16;16;0.4;0.3;585
32;32;16;16;0.4;0.4;586
32;32;16;16;0.4;0.5;587
32;32;16;16;0.5;0.2;588
32;32;16;16;0.5;0.3;589
32;32;16;16;0.5;0.4;590
32;32;16;16;0.5;0.5;591
32;32;16;32;0.2;0.2;592
32;32;16;32;0.2;0.3;593
32;32;16;32;0.2;0.4;594
32;32;16;32;0.2;0.5;595
32;32;16;32;0.3;0.2;596
32;32;16;32;0.3;0.3;597
32;32;16;32;0.3;0.4;598
32;32;16;32;0.3;0.5;599
32;32;16;32;0.4;0.2;600
32;32;16;32;0.4;0.3;601
32;32;16;32;0.4;0.4;602
32;32;16;32;0.4;0.5;603
32;32;16;32;0.5;0.2;604
32;32;16;32;0.5;0.3;605
32;32;16;32;0.5;0.4;606
32;32;16;32;0.5;0.5;607
32;32;16;64;0.2;0.2;608
32;32;16;64;0.2;0.3;609
32;32;16;64;0.2;0.4;610
32;32;16;64;0.2;0.5;611
32;32;16;64;0.3;0.2;612
32;32;16;64;0.3;0.3;613
32;32;16;64;0.3;0.4;614
32;32;16;64;0.3;0.5;615
32;32;16;64;0.4;0.2;616
32;32;16;64;0.4;0.3;617
32;32;16;64;0.4;0.4;618
32;32;16;64;0.4;0.5;619
32;32;16;64;0.5;0.2;620
32;32;16;64;0.5;0.3;621
32;32;16;64;0.5;0.4;622
32;32;16;64;0.5;0.5;623
32;32;32;16;0.2;0.2;624
32;32;32;16;0.2;0.3;625
32;32;32;16;0.2;0.4;626
32;32;32;16;0.2;0.5;627
32;32;32;16;0.3;0.2;628
32;32;32;16;0.3;0.3;629
32;32;32;16;0.3;0.4;630
32;32;32;16;0.3;0.5;631
32;32;32;16;0.4;0.2;632
32;32;32;16;0.4;0.3;633
32;32;32;16;0.4;0.4;634
32;32;32;16;0.4;0.5;635
32;32;32;16;0.5;0.2;636
32;32;32;16;0.5;0.3;637
32;32;32;16;0.5;0.4;638
32;32;32;16;0.5;0.5;639
32;32;32;32;0.2;0.2;640
32;32;32;32;0.2;0.3;641
32;32;32;32;0.2;0.4;642
32;32;32;32;0.2;0.5;643
32;32;32;32;0.3;0.2;644
32;32;32;32;0.3;0.3;645
32;32;32;32;0.3;0.4;646
32;32;32;32;0.3;0.5;647
32;32;32;32;0.4;0.2;648
32;32;32;32;0.4;0.3;649
32;32;32;32;0.4;0.4;650
32;32;32;32;0.4;0.5;651
32;32;32;32;0.5;0.2;652
32;32;32;32;0.5;0.3;653
32;32;32;32;0.5;0.4;654
32;32;32;32;0.5;0.5;655
32;32;32;64;0.2;0.2;656
32;32;32;64;0.2;0.3;657
32;32;32;64;0.2;0.4;658
32;32;32;64;0.2;0.5;659
32;32;32;64;0.3;0.2;660
32;32;32;64;0.3;0.3;661
32;32;32;64;0.3;0.4;662
32;32;32;64;0.3;0.5;663
32;32;32;64;0.4;0.2;664
32;32;32;64;0.4;0.3;665
32;32;32;64;0.4;0.4;666
32;32;32;64;0.4;0.5;667
32;32;32;64;0.5;0.2;668
32;32;32;64;0.5;0.3;669
32;32;32;64;0.5;0.4;670
32;32;32;64;0.5;0.5;671
32;32;64;16;0.2;0.2;672
32;32;64;16;0.2;0.3;673
32;32;64;16;0.2;0.4;674
32;32;64;16;0.2;0.5;675
32;32;64;16;0.3;0.2;676
32;32;64;16;0.3;0.3;677
32;32;64;16;0.3;0.4;678
32;32;64;16;0.3;0.5;679
32;32;64;16;0.4;0.2;680
32;32;64;16;0.4;0.3;681
32;32;64;16;0.4;0.4;682
32;32;64;16;0.4;0.5;683
32;32;64;16;0.5;0.2;684
32;32;64;16;0.5;0.3;685
32;32;64;16;0.5;0.4;686
32;32;64;16;0.5;0.5;687
32;32;64;32;0.2;0.2;688
32;32;64;32;0.2;0.3;689
32;32;64;32;0.2;0.4;690
32;32;64;32;0.2;0.5;691
32;32;64;32;0.3;0.2;692
32;32;64;32;0.3;0.3;693
32;32;64;32;0.3;0.4;694
32;32;64;32;0.3;0.5;695
32;32;64;32;0.4;0.2;696
32;32;64;32;0.4;0.3;697
32;32;64;32;0.4;0.4;698
32;32;64;32;0.4;0.5;699
32;32;64;32;0.5;0.2;700
32;32;64;32;0.5;0.3;701
32;32;64;32;0.5;0.4;702
32;32;64;32;0.5;0.5;703
32;32;64;64;0.2;0.2;704
32;32;64;64;0.2;0.3;705
32;32;64;64;0.2;0.4;706
32;32;64;64;0.2;0.5;707
32;32;64;64;0.3;0.2;708
32;32;64;64;0.3;0.3;709
32;32;64;64;0.3;0.4;710
32;32;64;64;0.3;0.5;711
32;32;64;64;0.4;0.2;712
32;32;64;64;0.4;0.3;713
32;32;64;64;0.4;0.4;714
32;32;64;64;0.4;0.5;715
32;32;64;64;0.5;0.2;716
32;32;64;64;0.5;0.3;717
32;32;64;64;0.5;0.4;718
32;32;64;64;0.5;0.5;719
32;64;16;16;0.2;0.2;720
32;64;16;16;0.2;0.3;721
32;64;16;16;0.2;0.4;722
32;64;16;16;0.2;0.5;723
32;64;16;16;0.3;0.2;724
32;64;16;16;0.3;0.3;725
32;64;16;16;0.3;0.4;726
32;64;16;16;0.3;0.5;727
32;64;16;16;0.4;0.2;728
32;64;16;16;0.4;0.3;729
32;64;16;16;0.4;0.4;730
32;64;16;16;0.4;0.5;731
32;64;16;16;0.5;0.2;732
32;64;16;16;0.5;0.3;733
32;64;16;16;0.5;0.4;734
32;64;16;16;0.5;0.5;735
32;64;16;32;0.2;0.2;736
32;64;16;32;0.2;0.3;737
32;64;16;32;0.2;0.4;738
32;64;16;32;0.2;0.5;739
32;64;16;32;0.3;0.2;740
32;64;16;32;0.3;0.3;741
32;64;16;32;0.3;0.4;742
32;64;16;32;0.3;0.5;743
32;64;16;32;0.4;0.2;744
32;64;16;32;0.4;0.3;745
32;64;16;32;0.4;0.4;746
32;64;16;32;0.4;0.5;747
32;64;16;32;0.5;0.2;748
32;64;16;32;0.5;0.3;749
32;64;16;32;0.5;0.4;750
32;64;16;32;0.5;0.5;751
32;64;16;64;0.2;0.2;752
32;64;16;64;0.2;0.3;753
32;64;16;64;0.2;0.4;754
32;64;16;64;0.2;0.5;755
32;64;16;64;0.3;0.2;756
32;64;16;64;0.3;0.3;757
32;64;16;64;0.3;0.4;758
32;64;16;64;0.3;0.5;759
32;64;16;64;0.4;0.2;760
32;64;16;64;0.4;0.3;761
32;64;16;64;0.4;0.4;762
32;64;16;64;0.4;0.5;763
32;64;16;64;0.5;0.2;764
32;64;16;64;0.5;0.3;765
32;64;16;64;0.5;0.4;766
32;64;16;64;0.5;0.5;767
32;64;32;16;0.2;0.2;768
32;64;32;16;0.2;0.3;769
32;64;32;16;0.2;0.4;770
32;64;32;16;0.2;0.5;771
32;64;32;16;0.3;0.2;772
32;64;32;16;0.3;0.3;773
32;64;32;16;0.3;0.4;774
32;64;32;16;0.3;0.5;775
32;64;32;16;0.4;0.2;776
32;64;32;16;0.4;0.3;777
32;64;32;16;0.4;0.4;778
32;64;32;16;0.4;0.5;779
32;64;32;16;0.5;0.2;780
32;64;32;16;0.5;0.3;781
32;64;32;16;0.5;0.4;782
32;64;32;16;0.5;0.5;783
32;64;32;32;0.2;0.2;784
32;64;32;32;0.2;0.3;785
32;64;32;32;0.2;0.4;786
32;64;32;32;0.2;0.5;787
32;64;32;32;0.3;0.2;788
32;64;32;32;0.3;0.3;789
32;64;32;32;0.3;0.4;790
32;64;32;32;0.3;0.5;791
32;64;32;32;0.4;0.2;792
32;64;32;32;0.4;0.3;793
32;64;32;32;0.4;0.4;794
32;64;32;32;0.4;0.5;795
32;64;32;32;0.5;0.2;796
32;64;32;32;0.5;0.3;797
32;64;32;32;0.5;0.4;798
32;64;32;32;0.5;0.5;799
32;64;32;64;0.2;0.2;800
32;64;32;64;0.2;0.3;801
32;64;32;64;0.2;0.4;802
32;64;32;64;0.2;0.5;803
32;64;32;64;0.3;0.2;804
32;64;32;64;0.3;0.3;805
32;64;32;64;0.3;0.4;806
32;64;32;64;0.3;0.5;807
32;64;32;64;0.4;0.2;808
32;64;32;64;0.4;0.3;809
32;64;32;64;0.4;0.4;810
32;64;32;64;0.4;0.5;811
32;64;32;64;0.5;0.2;812
32;64;32;64;0.5;0.3;813
32;64;32;64;0.5;0.4;814
32;64;32;64;0.5;0.5;815
32;64;64;16;0.2;0.2;816
32;64;64;16;0.2;0.3;817
32;64;64;16;0.2;0.4;818
32;64;64;16;0.2;0.5;819
32;64;64;16;0.3;0.2;820
32;64;64;16;0.3;0.3;821
32;64;64;16;0.3;0.4;822
32;64;64;16;0.3;0.5;823
32;64;64;16;0.4;0.2;824
32;64;64;16;0.4;0.3;825
32;64;64;16;0.4;0.4;826
32;64;64;16;0.4;0.5;827
32;64;64;16;0.5;0.2;828
32;64;64;16;0.5;0.3;829
32;64;64;16;0.5;0.4;830
32;64;64;16;0.5;0.5;831
32;64;64;32;0.2;0.2;832
32;64;64;32;0.2;0.3;833
32;64;64;32;0.2;0.4;834
32;64;64;32;0.2;0.5;835
32;64;64;32;0.3;0.2;836
32;64;64;32;0.3;0.3;837
32;64;64;32;0.3;0.4;838
32;64;64;32;0.3;0.5;839
32;64;64;32;0.4;0.2;840
32;64;64;32;0.4;0.3;841
32;64;64;32;0.4;0.4;842
32;64;64;32;0.4;0.5;843
32;64;64;32;0.5;0.2;844
32;64;64;32;0.5;0.3;845
32;64;64;32;0.5;0.4;846
32;64;64;32;0.5;0.5;847
32;64;64;64;0.2;0.2;848
32;64;64;64;0.2;0.3;849
32;64;64;64;0.2;0.4;850
32;64;64;64;0.2;0.5;851
32;64;64;64;0.3;0.2;852
32;64;64;64;0.3;0.3;853
32;64;64;64;0.3;0.4;854
32;64;64;64;0.3;0.5;855
32;64;64;64;0.4;0.2;856
32;64;64;64;0.4;0.3;857
32;64;64;64;0.4;0.4;858
32;64;64;64;0.4;0.5;859
32;64;64;64;0.5;0.2;860
32;64;64;64;0.5;0.3;861
32;64;64;64;0.5;0.4;862
32;64;64;64;0.5;0.5;863
64;16;16;16;0.2;0.2;864
64;16;16;16;0.2;0.3;865
64;16;16;16;0.2;0.4;866
64;16;16;16;0.2;0.5;867
64;16;16;16;0.3;0.2;868
64;16;16;16;0.3;0.3;869
64;16;16;16;0.3;0.4;870
64;16;16;16;0.3;0.5;871
64;16;16;16;0.4;0.2;872
64;16;16;16;0.4;0.3;873
64;16;16;16;0.4;0.4;874
64;16;16;16;0.4;0.5;875
64;16;16;16;0.5;0.2;876
64;16;16;16;0.5;0.3;877
64;16;16;16;0.5;0.4;878
64;16;16;16;0.5;0.5;879
64;16;16;32;0.2;0.2;880
64;16;16;32;0.2;0.3;881
64;16;16;32;0.2;0.4;882
64;16;16;32;0.2;0.5;883
64;16;16;32;0.3;0.2;884
64;16;16;32;0.3;0.3;885
64;16;16;32;0.3;0.4;886
64;16;16;32;0.3;0.5;887
64;16;16;32;0.4;0.2;888
64;16;16;32;0.4;0.3;889
64;16;16;32;0.4;0.4;890
64;16;16;32;0.4;0.5;891
64;16;16;32;0.5;0.2;892
64;16;16;32;0.5;0.3;893
64;16;16;32;0.5;0.4;894
64;16;16;32;0.5;0.5;895
64;16;16;64;0.2;0.2;896
64;16;16;64;0.2;0.3;897
64;16;16;64;0.2;0.4;898
64;16;16;64;0.2;0.5;899
64;16;16;64;0.3;0.2;900
64;16;16;64;0.3;0.3;901
64;16;16;64;0.3;0.4;902
64;16;16;64;0.3;0.5;903
64;16;16;64;0.4;0.2;904
64;16;16;64;0.4;0.3;905
64;16;16;64;0.4;0.4;906
64;16;16;64;0.4;0.5;907
64;16;16;64;0.5;0.2;908
64;16;16;64;0.5;0.3;909
64;16;16;64;0.5;0.4;910
64;16;16;64;0.5;0.5;911
64;16;32;16;0.2;0.2;912
64;16;32;16;0.2;0.3;913
64;16;32;16;0.2;0.4;914
64;16;32;16;0.2;0.5;915
64;16;32;16;0.3;0.2;916
64;16;32;16;0.3;0.3;917
64;16;32;16;0.3;0.4;918
64;16;32;16;0.3;0.5;919
64;16;32;16;0.4;0.2;920
64;16;32;16;0.4;0.3;921
64;16;32;16;0.4;0.4;922
64;16;32;16;0.4;0.5;923
64;16;32;16;0.5;0.2;924
64;16;32;16;0.5;0.3;925
64;16;32;16;0.5;0.4;926
64;16;32;16;0.5;0.5;927
64;16;32;32;0.2;0.2;928
64;16;32;32;0.2;0.3;929
64;16;32;32;0.2;0.4;930
64;16;32;32;0.2;0.5;931
64;16;32;32;0.3;0.2;932
64;16;32;32;0.3;0.3;933
64;16;32;32;0.3;0.4;934
64;16;32;32;0.3;0.5;935
64;16;32;32;0.4;0.2;936
64;16;32;32;0.4;0.3;937
64;16;32;32;0.4;0.4;938
64;16;32;32;0.4;0.5;939
64;16;32;32;0.5;0.2;940
64;16;32;32;0.5;0.3;941
64;16;32;32;0.5;0.4;942
64;16;32;32;0.5;0.5;943
64;16;32;64;0.2;0.2;944
64;16;32;64;0.2;0.3;945
64;16;32;64;0.2;0.4;946
64;16;32;64;0.2;0.5;947
64;16;32;64;0.3;0.2;948
64;16;32;64;0.3;0.3;949
64;16;32;64;0.3;0.4;950
64;16;32;64;0.3;0.5;951
64;16;32;64;0.4;0.2;952
64;16;32;64;0.4;0.3;953
64;16;32;64;0.4;0.4;954
64;16;32;64;0.4;0.5;955
64;16;32;64;0.5;0.2;956
64;16;32;64;0.5;0.3;957
64;16;32;64;0.5;0.4;958
64;16;32;64;0.5;0.5;959
64;16;64;16;0.2;0.2;960
64;16;64;16;0.2;0.3;961
64;16;64;16;0.2;0.4;962
64;16;64;16;0.2;0.5;963
64;16;64;16;0.3;0.2;964
64;16;64;16;0.3;0.3;965
64;16;64;16;0.3;0.4;966
64;16;64;16;0.3;0.5;967
64;16;64;16;0.4;0.2;968
64;16;64;16;0.4;0.3;969
64;16;64;16;0.4;0.4;970
64;16;64;16;0.4;0.5;971
64;16;64;16;0.5;0.2;972
64;16;64;16;0.5;0.3;973
64;16;64;16;0.5;0.4;974
64;16;64;16;0.5;0.5;975
64;16;64;32;0.2;0.2;976
64;16;64;32;0.2;0.3;977
64;16;64;32;0.2;0.4;978
64;16;64;32;0.2;0.5;979
64;16;64;32;0.3;0.2;980
64;16;64;32;0.3;0.3;981
64;16;64;32;0.3;0.4;982
64;16;64;32;0.3;0.5;983
64;16;64;32;0.4;0.2;984
64;16;64;32;0.4;0.3;985
64;16;64;32;0.4;0.4;986
64;16;64;32;0.4;0.5;987
64;16;64;32;0.5;0.2;988
64;16;64;32;0.5;0.3;989
64;16;64;32;0.5;0.4;990
64;16;64;32;0.5;0.5;991
64;16;64;64;0.2;0.2;992
64;16;64;64;0.2;0.3;993
64;16;64;64;0.2;0.4;994
64;16;64;64;0.2;0.5;995
64;16;64;64;0.3;0.2;996
64;16;64;64;0.3;0.3;997
64;16;64;64;0.3;0.4;998
64;16;64;64;0.3;0.5;999
64;16;64;64;0.4;0.2;1000
64;16;64;64;0.4;0.3;1001
64;16;64;64;0.4;0.4;1002
64;16;64;64;0.4;0.5;1003
64;16;64;64;0.5;0.2;1004
64;16;64;64;0.5;0.3;1005
64;16;64;64;0.5;0.4;1006
64;16;64;64;0.5;0.5;1007
64;32;16;16;0.2;0.2;1008
64;32;16;16;0.2;0.3;1009
64;32;16;16;0.2;0.4;1010
64;32;16;16;0.2;0.5;1011
64;32;16;16;0.3;0.2;1012
64;32;16;16;0.3;0.3;1013
64;32;16;16;0.3;0.4;1014
64;32;16;16;0.3;0.5;1015
64;32;16;16;0.4;0.2;1016
64;32;16;16;0.4;0.3;1017
64;32;16;16;0.4;0.4;1018
64;32;16;16;0.4;0.5;1019
64;32;16;16;0.5;0.2;1020
64;32;16;16;0.5;0.3;1021
64;32;16;16;0.5;0.4;1022
64;32;16;16;0.5;0.5;1023
64;32;16;32;0.2;0.2;1024
64;32;16;32;0.2;0.3;1025
64;32;16;32;0.2;0.4;1026
64;32;16;32;0.2;0.5;1027
64;32;16;32;0.3;0.2;1028
64;32;16;32;0.3;0.3;1029
64;32;16;32;0.3;0.4;1030
64;32;16;32;0.3;0.5;1031
64;32;16;32;0.4;0.2;1032
64;32;16;32;0.4;0.3;1033
64;32;16;32;0.4;0.4;1034
64;32;16;32;0.4;0.5;1035
64;32;16;32;0.5;0.2;1036
64;32;16;32;0.5;0.3;1037
64;32;16;32;0.5;0.4;1038
64;32;16;32;0.5;0.5;1039
64;32;16;64;0.2;0.2;1040
64;32;16;64;0.2;0.3;1041
64;32;16;64;0.2;0.4;1042
64;32;16;64;0.2;0.5;1043
64;32;16;64;0.3;0.2;1044
64;32;16;64;0.3;0.3;1045
64;32;16;64;0.3;0.4;1046
64;32;16;64;0.3;0.5;1047
64;32;16;64;0.4;0.2;1048
64;32;16;64;0.4;0.3;1049
64;32;16;64;0.4;0.4;1050
64;32;16;64;0.4;0.5;1051
64;32;16;64;0.5;0.2;1052
64;32;16;64;0.5;0.3;1053
64;32;16;64;0.5;0.4;1054
64;32;16;64;0.5;0.5;1055
64;32;32;16;0.2;0.2;1056
64;32;32;16;0.2;0.3;1057
64;32;32;16;0.2;0.4;1058
64;32;32;16;0.2;0.5;1059
64;32;32;16;0.3;0.2;1060
64;32;32;16;0.3;0.3;1061
64;32;32;16;0.3;0.4;1062
64;32;32;16;0.3;0.5;1063
64;32;32;16;0.4;0.2;1064
64;32;32;16;0.4;0.3;1065
64;32;32;16;0.4;0.4;1066
64;32;32;16;0.4;0.5;1067
64;32;32;16;0.5;0.2;1068
64;32;32;16;0.5;0.3;1069
64;32;32;16;0.5;0.4;1070
64;32;32;16;0.5;0.5;1071
64;32;32;32;0.2;0.2;1072
64;32;32;32;0.2;0.3;1073
64;32;32;32;0.2;0.4;1074
64;32;32;32;0.2;0.5;1075
64;32;32;32;0.3;0.2;1076
64;32;32;32;0.3;0.3;1077
64;32;32;32;0.3;0.4;1078
64;32;32;32;0.3;0.5;1079
64;32;32;32;0.4;0.2;1080
64;32;32;32;0.4;0.3;1081
64;32;32;32;0.4;0.4;1082
64;32;32;32;0.4;0.5;1083
64;32;32;32;0.5;0.2;1084
64;32;32;32;0.5;0.3;1085
64;32;32;32;0.5;0.4;1086
64;32;32;32;0.5;0.5;1087
64;32;32;64;0.2;0.2;1088
64;32;32;64;0.2;0.3;1089
64;32;32;64;0.2;0.4;1090
64;32;32;64;0.2;0.5;1091
64;32;32;64;0.3;0.2;1092
64;32;32;64;0.3;0.3;1093
64;32;32;64;0.3;0.4;1094
64;32;32;64;0.3;0.5;1095
64;32;32;64;0.4;0.2;1096
64;32;32;64;0.4;0.3;1097
64;32;32;64;0.4;0.4;1098
64;32;32;64;0.4;0.5;1099
64;32;32;64;0.5;0.2;1100
64;32;32;64;0.5;0.3;1101
64;32;32;64;0.5;0.4;1102
64;32;32;64;0.5;0.5;1103
64;32;64;16;0.2;0.2;1104
64;32;64;16;0.2;0.3;1105
64;32;64;16;0.2;0.4;1106
64;32;64;16;0.2;0.5;1107
64;32;64;16;0.3;0.2;1108
64;32;64;16;0.3;0.3;1109
64;32;64;16;0.3;0.4;1110
64;32;64;16;0.3;0.5;1111
64;32;64;16;0.4;0.2;1112
64;32;64;16;0.4;0.3;1113
64;32;64;16;0.4;0.4;1114
64;32;64;16;0.4;0.5;1115
64;32;64;16;0.5;0.2;1116
64;32;64;16;0.5;0.3;1117
64;32;64;16;0.5;0.4;1118
64;32;64;16;0.5;0.5;1119
64;32;64;32;0.2;0.2;1120
64;32;64;32;0.2;0.3;1121
64;32;64;32;0.2;0.4;1122
64;32;64;32;0.2;0.5;1123
64;32;64;32;0.3;0.2;1124
64;32;64;32;0.3;0.3;1125
64;32;64;32;0.3;0.4;1126
64;32;64;32;0.3;0.5;1127
64;32;64;32;0.4;0.2;1128
64;32;64;32;0.4;0.3;1129
64;32;64;32;0.4;0.4;1130
64;32;64;32;0.4;0.5;1131
64;32;64;32;0.5;0.2;1132
64;32;64;32;0.5;0.3;1133
64;32;64;32;0.5;0.4;1134
64;32;64;32;0.5;0.5;1135
64;32;64;64;0.2;0.2;1136
64;32;64;64;0.2;0.3;1137
64;32;64;64;0.2;0.4;1138
64;32;64;64;0.2;0.5;1139
64;32;64;64;0.3;0.2;1140
64;32;64;64;0.3;0.3;1141
64;32;64;64;0.3;0.4;1142
64;32;64;64;0.3;0.5;1143
64;32;64;64;0.4;0.2;1144
64;32;64;64;0.4;0.3;1145
64;32;64;64;0.4;0.4;1146
64;32;64;64;0.4;0.5;1147
64;32;64;64;0.5;0.2;1148
64;32;64;64;0.5;0.3;1149
64;32;64;64;0.5;0.4;1150
64;32;64;64;0.5;0.5;1151
64;64;16;16;0.2;0.2;1152
64;64;16;16;0.2;0.3;1153
64;64;16;16;0.2;0.4;1154
64;64;16;16;0.2;0.5;1155
64;64;16;16;0.3;0.2;1156
64;64;16;16;0.3;0.3;1157
64;64;16;16;0.3;0.4;1158
64;64;16;16;0.3;0.5;1159
64;64;16;16;0.4;0.2;1160
64;64;16;16;0.4;0.3;1161
64;64;16;16;0.4;0.4;1162
64;64;16;16;0.4;0.5;1163
64;64;16;16;0.5;0.2;1164
64;64;16;16;0.5;0.3;1165
64;64;16;16;0.5;0.4;1166
64;64;16;16;0.5;0.5;1167
64;64;16;32;0.2;0.2;1168
64;64;16;32;0.2;0.3;1169
64;64;16;32;0.2;0.4;1170
64;64;16;32;0.2;0.5;1171
64;64;16;32;0.3;0.2;1172
64;64;16;32;0.3;0.3;1173
64;64;16;32;0.3;0.4;1174
64;64;16;32;0.3;0.5;1175
64;64;16;32;0.4;0.2;1176
64;64;16;32;0.4;0.3;1177
64;64;16;32;0.4;0.4;1178
64;64;16;32;0.4;0.5;1179
64;64;16;32;0.5;0.2;1180
64;64;16;32;0.5;0.3;1181
64;64;16;32;0.5;0.4;1182
64;64;16;32;0.5;0.5;1183
64;64;16;64;0.2;0.2;1184
64;64;16;64;0.2;0.3;1185
64;64;16;64;0.2;0.4;1186
64;64;16;64;0.2;0.5;1187
64;64;16;64;0.3;0.2;1188
64;64;16;64;0.3;0.3;1189
64;64;16;64;0.3;0.4;1190
64;64;16;64;0.3;0.5;1191
64;64;16;64;0.4;0.2;1192
64;64;16;64;0.4;0.3;1193
64;64;16;64;0.4;0.4;1194
64;64;16;64;0.4;0.5;1195
64;64;16;64;0.5;0.2;1196
64;64;16;64;0.5;0.3;1197
64;64;16;64;0.5;0.4;1198
64;64;16;64;0.5;0.5;1199
64;64;32;16;0.2;0.2;1200
64;64;32;16;0.2;0.3;1201
64;64;32;16;0.2;0.4;1202
64;64;32;16;0.2;0.5;1203
64;64;32;16;0.3;0.2;1204
64;64;32;16;0.3;0.3;1205
64;64;32;16;0.3;0.4;1206
64;64;32;16;0.3;0.5;1207
64;64;32;16;0.4;0.2;1208
64;64;32;16;0.4;0.3;1209
64;64;32;16;0.4;0.4;1210
64;64;32;16;0.4;0.5;1211
64;64;32;16;0.5;0.2;1212
64;64;32;16;0.5;0.3;1213
64;64;32;16;0.5;0.4;1214
64;64;32;16;0.5;0.5;1215
64;64;32;32;0.2;0.2;1216
64;64;32;32;0.2;0.3;1217
64;64;32;32;0.2;0.4;1218
64;64;32;32;0.2;0.5;1219
64;64;32;32;0.3;0.2;1220
64;64;32;32;0.3;0.3;1221
64;64;32;32;0.3;0.4;1222
64;64;32;32;0.3;0.5;1223
64;64;32;32;0.4;0.2;1224
64;64;32;32;0.4;0.3;1225
64;64;32;32;0.4;0.4;1226
64;64;32;32;0.4;0.5;1227
64;64;32;32;0.5;0.2;1228
64;64;32;32;0.5;0.3;1229
64;64;32;32;0.5;0.4;1230
64;64;32;32;0.5;0.5;1231
64;64;32;64;0.2;0.2;1232
64;64;32;64;0.2;0.3;1233
64;64;32;64;0.2;0.4;1234
64;64;32;64;0.2;0.5;1235
64;64;32;64;0.3;0.2;1236
64;64;32;64;0.3;0.3;1237
64;64;32;64;0.3;0.4;1238
64;64;32;64;0.3;0.5;1239
64;64;32;64;0.4;0.2;1240
64;64;32;64;0.4;0.3;1241
64;64;32;64;0.4;0.4;1242
64;64;32;64;0.4;0.5;1243
64;64;32;64;0.5;0.2;1244
64;64;32;64;0.5;0.3;1245
64;64;32;64;0.5;0.4;1246
64;64;32;64;0.5;0.5;1247
64;64;64;16;0.2;0.2;1248
64;64;64;16;0.2;0.3;1249
64;64;64;16;0.2;0.4;1250
64;64;64;16;0.2;0.5;1251
64;64;64;16;0.3;0.2;1252
64;64;64;16;0.3;0.3;1253
64;64;64;16;0.3;0.4;1254
64;64;64;16;0.3;0.5;1255
64;64;64;16;0.4;0.2;1256
64;64;64;16;0.4;0.3;1257
64;64;64;16;0.4;0.4;1258
64;64;64;16;0.4;0.5;1259
64;64;64;16;0.5;0.2;1260
64;64;64;16;0.5;0.3;1261
64;64;64;16;0.5;0.4;1262
64;64;64;16;0.5;0.5;1263
64;64;64;32;0.2;0.2;1264
64;64;64;32;0.2;0.3;1265
64;64;64;32;0.2;0.4;1266
64;64;64;32;0.2;0.5;1267
64;64;64;32;0.3;0.2;1268
64;64;64;32;0.3;0.3;1269
64;64;64;32;0.3;0.4;1270
64;64;64;32;0.3;0.5;1271
64;64;64;32;0.4;0.2;1272
64;64;64;32;0.4;0.3;1273
64;64;64;32;0.4;0.4;1274
64;64;64;32;0.4;0.5;1275
64;64;64;32;0.5;0.2;1276
64;64;64;32;0.5;0.3;1277
64;64;64;32;0.5;0.4;1278
64;64;64;32;0.5;0.5;1279
64;64;64;64;0.2;0.2;1280
64;64;64;64;0.2;0.3;1281
64;64;64;64;0.2;0.4;1282
64;64;64;64;0.2;0.5;1283
64;64;64;64;0.3;0.2;1284
64;64;64;64;0.3;0.3;1285
64;64;64;64;0.3;0.4;1286
64;64;64;64;0.3;0.5;1287
64;64;64;64;0.4;0.2;1288
64;64;64;64;0.4;0.3;1289
64;64;64;64;0.4;0.4;1290
64;64;64;64;0.4;0.5;1291
64;64;64;64;0.5;0.2;1292
64;64;64;64;0.5;0.3;1293
64;64;64;64;0.5;0.4;1294
64;64;64;64;0.5;0.5;1295
